{
    "metrics": {
        "http_req_receiving": {
            "avg": 0.1448780460674158,
            "min": 0.02925,
            "med": 0.14127099999999998,
            "max": 1.728917,
            "p(90)": 0.2079494,
            "p(95)": 0.23582294999999998
        },
        "http_req_failed": {
            "passes": 0,
            "fails": 890,
            "value": 0
        },
        "http_req_connecting": {
            "max": 5.7785,
            "p(90)": 0,
            "p(95)": 0,
            "avg": 0.10105800449438201,
            "min": 0,
            "med": 0
        },
        "http_req_sending": {
            "max": 0.539167,
            "p(90)": 0.06901670000000001,
            "p(95)": 0.0813791,
            "avg": 0.042238269662921296,
            "min": 0.006208,
            "med": 0.035625
        },
        "data_sent": {
            "count": 290094,
            "rate": 27165.75380975593
        },
        "http_req_duration{expected_response:true}": {
            "med": 198.40550050000002,
            "max": 1324.907084,
            "p(90)": 528.8873004000001,
            "p(95)": 657.4150668499999,
            "avg": 232.86684984719096,
            "min": 3.886042
        },
        "data_received": {
            "count": 938681,
            "rate": 87902.46248421376
        },
        "http_req_waiting": {
            "max": 1324.741792,
            "p(90)": 528.7448456000001,
            "p(95)": 657.1698438999999,
            "avg": 232.67973353146073,
            "min": 3.745875,
            "med": 198.234375
        },
        "http_reqs": {
            "count": 890,
            "rate": 83.34374682234993
        },
        "checks": {
            "fails": 0,
            "passes": 1780,
            "value": 1
        },
        "http_req_duration": {
            "avg": 232.86684984719096,
            "min": 3.886042,
            "med": 198.40550050000002,
            "max": 1324.907084,
            "p(90)": 528.8873004000001,
            "p(95)": 657.4150668499999
        },
        "vus": {
            "max": 20,
            "value": 20,
            "min": 20
        },
        "http_req_tls_handshaking": {
            "p(95)": 0,
            "avg": 0,
            "min": 0,
            "med": 0,
            "max": 0,
            "p(90)": 0
        },
        "iteration_duration": {
            "max": 2147.622876,
            "p(90)": 1591.1961340000003,
            "p(95)": 1832.1947002499999,
            "avg": 1167.0665681067417,
            "min": 658.093458,
            "med": 1086.0832500000001
        },
        "http_req_blocked": {
            "avg": 0.11020626966292128,
            "min": 0.001167,
            "med": 0.0055835,
            "max": 5.875167,
            "p(90)": 0.008546100000000001,
            "p(95)": 0.013398099999999998
        },
        "group_duration": {
            "avg": 583.4950921095506,
            "min": 177.647709,
            "med": 597.6393125,
            "max": 1787.864876,
            "p(90)": 942.9787915,
            "p(95)": 1146.3876252499992
        },
        "iterations": {
            "rate": 16.668749364469985,
            "count": 178
        },
        "vus_max": {
            "max": 20,
            "value": 20,
            "min": 20
        }
    },
    "root_group": {
        "name": "",
        "path": "",
        "id": "d41d8cd98f00b204e9800998ecf8427e",
        "groups": {
            "Authentication": {
                "path": "::Authentication",
                "id": "e27c07c74d84fc697478e1503d425296",
                "groups": {},
                "checks": {
                        "Login status is 200": {
                            "fails": 0,
                            "name": "Login status is 200",
                            "path": "::Authentication::Login status is 200",
                            "id": "060da00957eedf19f856cff8e3352163",
                            "passes": 178
                        },
                        "Access token is present": {
                            "name": "Access token is present",
                            "path": "::Authentication::Access token is present",
                            "id": "af721c32f4fffff4f400497cb71ace5c",
                            "passes": 178,
                            "fails": 0
                        }
                    },
                "name": "Authentication"
            },
            "API Tests": {
                "path": "::API Tests",
                "id": "ea171d7676446f12e8ccb78ffadbe687",
                "groups": {},
                "checks": {
                        "Account list status is 200": {
                            "name": "Account list status is 200",
                            "path": "::API Tests::Account list status is 200",
                            "id": "d168311723615f9bab217bd6e36cea9f",
                            "passes": 178,
                            "fails": 0
                        },
                        "Account list response has data": {
                            "name": "Account list response has data",
                            "path": "::API Tests::Account list response has data",
                            "id": "ea7b49c8249e3a40afcfd43266e640fb",
                            "passes": 178,
                            "fails": 0
                        },
                        "Account balance status is 200": {
                            "path": "::API Tests::Account balance status is 200",
                            "id": "1dd1208748947f5f5afbb02498149c9e",
                            "passes": 178,
                            "fails": 0,
                            "name": "Account balance status is 200"
                        },
                        "Account balance response has data": {
                            "name": "Account balance response has data",
                            "path": "::API Tests::Account balance response has data",
                            "id": "bbfd99a28f32184ed8efb6fe060e2d07",
                            "passes": 178,
                            "fails": 0
                        },
                        "Transfer status is 200": {
                            "fails": 0,
                            "name": "Transfer status is 200",
                            "path": "::API Tests::Transfer status is 200",
                            "id": "87437067bb89e583a4864da2cd56b095",
                            "passes": 178
                        },
                        "Transfer response has data": {
                            "passes": 178,
                            "fails": 0,
                            "name": "Transfer response has data",
                            "path": "::API Tests::Transfer response has data",
                            "id": "7c87abfeb08b4b63d5dff9fd3c988942"
                        },
                        "Account transactions status is 200": {
                            "name": "Account transactions status is 200",
                            "path": "::API Tests::Account transactions status is 200",
                            "id": "bf58732010093e267ef486dab1c716e9",
                            "passes": 178,
                            "fails": 0
                        },
                        "Account transactions response has data": {
                            "name": "Account transactions response has data",
                            "path": "::API Tests::Account transactions response has data",
                            "id": "8aa6d187387b58233ceca924d7a104c5",
                            "passes": 178,
                            "fails": 0
                        }
                    },
                "name": "API Tests"
            }
        },
        "checks": {}
    }
}