{
    "metrics": {
        "data_sent": {
            "count": 308414,
            "rate": 28535.34167350385
        },
        "iteration_duration": {
            "avg": 1101.9815293036652,
            "min": 399.87175,
            "med": 1025.713876,
            "max": 2346.009668,
            "p(90)": 1712.302084,
            "p(95)": 1933.9574799999998
        },
        "vus_max": {
            "value": 20,
            "min": 20,
            "max": 20
        },
        "data_received": {
            "count": 1001073,
            "rate": 92622.12511468196
        },
        "http_req_tls_handshaking": {
            "avg": 0,
            "min": 0,
            "med": 0,
            "max": 0,
            "p(90)": 0,
            "p(95)": 0
        },
        "group_duration": {
            "med": 504.91641649999997,
            "max": 1656.303501,
            "p(90)": 970.5620251000001,
            "p(95)": 1175.998996499999,
            "avg": 550.9544494345552,
            "min": 103.7765
        },
        "http_req_waiting": {
            "min": 2.821292,
            "med": 136.753376,
            "max": 1572.315501,
            "p(90)": 534.966642,
            "p(95)": 676.8261168999999,
            "avg": 219.75347570785306
        },
        "http_reqs": {
            "count": 955,
            "rate": 88.35931993423185
        },
        "http_req_connecting": {
            "max": 5.259875,
            "p(90)": 0,
            "p(95)": 0,
            "avg": 0.08860889633507854,
            "min": 0,
            "med": 0
        },
        "http_req_duration": {
            "p(90)": 535.0878502,
            "p(95)": 676.9914712999998,
            "avg": 219.91664127643955,
            "min": 2.857292,
            "med": 136.841042,
            "max": 1572.424126
        },
        "http_req_receiving": {
            "avg": 0.12962628795811532,
            "min": 0.021,
            "med": 0.121041,
            "max": 1.097417,
            "p(90)": 0.197492,
            "p(95)": 0.224983
        },
        "http_req_blocked": {
            "p(95)": 0.00928299999999999,
            "avg": 0.09481928376963347,
            "min": 0.001083,
            "med": 0.005125,
            "max": 5.285583,
            "p(90)": 0.0078162
        },
        "http_req_duration{expected_response:true}": {
            "max": 1572.424126,
            "p(90)": 535.0878502,
            "p(95)": 676.9914712999998,
            "avg": 219.91664127643955,
            "min": 2.857292,
            "med": 136.841042
        },
        "http_req_failed": {
            "passes": 0,
            "fails": 955,
            "value": 0
        },
        "iterations": {
            "count": 191,
            "rate": 17.67186398684637
        },
        "checks": {
            "fails": 0,
            "passes": 1910,
            "value": 1
        },
        "vus": {
            "value": 20,
            "min": 20,
            "max": 20
        },
        "http_req_sending": {
            "avg": 0.033539280628272244,
            "min": 0.0055,
            "med": 0.028833,
            "max": 0.210917,
            "p(90)": 0.0600834,
            "p(95)": 0.0682038
        }
    },
    "root_group": {
        "checks": {},
        "name": "",
        "path": "",
        "id": "d41d8cd98f00b204e9800998ecf8427e",
        "groups": {
                "Authentication": {
                    "groups": {},
                    "checks": {
                            "Login status is 200": {
                                "name": "Login status is 200",
                                "path": "::Authentication::Login status is 200",
                                "id": "060da00957eedf19f856cff8e3352163",
                                "passes": 191,
                                "fails": 0
                            },
                            "Access token is present": {
                                "fails": 0,
                                "name": "Access token is present",
                                "path": "::Authentication::Access token is present",
                                "id": "af721c32f4fffff4f400497cb71ace5c",
                                "passes": 191
                            }
                        },
                    "name": "Authentication",
                    "path": "::Authentication",
                    "id": "e27c07c74d84fc697478e1503d425296"
                },
                "API Tests": {
                    "name": "API Tests",
                    "path": "::API Tests",
                    "id": "ea171d7676446f12e8ccb78ffadbe687",
                    "groups": {},
                    "checks": {
                            "Account list status is 200": {
                                "name": "Account list status is 200",
                                "path": "::API Tests::Account list status is 200",
                                "id": "d168311723615f9bab217bd6e36cea9f",
                                "passes": 191,
                                "fails": 0
                            },
                            "Account list response has data": {
                                "name": "Account list response has data",
                                "path": "::API Tests::Account list response has data",
                                "id": "ea7b49c8249e3a40afcfd43266e640fb",
                                "passes": 191,
                                "fails": 0
                            },
                            "Account balance status is 200": {
                                "passes": 191,
                                "fails": 0,
                                "name": "Account balance status is 200",
                                "path": "::API Tests::Account balance status is 200",
                                "id": "1dd1208748947f5f5afbb02498149c9e"
                            },
                            "Account balance response has data": {
                                "id": "bbfd99a28f32184ed8efb6fe060e2d07",
                                "passes": 191,
                                "fails": 0,
                                "name": "Account balance response has data",
                                "path": "::API Tests::Account balance response has data"
                            },
                            "Transfer status is 200": {
                                "fails": 0,
                                "name": "Transfer status is 200",
                                "path": "::API Tests::Transfer status is 200",
                                "id": "87437067bb89e583a4864da2cd56b095",
                                "passes": 191
                            },
                            "Transfer response has data": {
                                "fails": 0,
                                "name": "Transfer response has data",
                                "path": "::API Tests::Transfer response has data",
                                "id": "7c87abfeb08b4b63d5dff9fd3c988942",
                                "passes": 191
                            },
                            "Account transactions status is 200": {
                                "passes": 191,
                                "fails": 0,
                                "name": "Account transactions status is 200",
                                "path": "::API Tests::Account transactions status is 200",
                                "id": "bf58732010093e267ef486dab1c716e9"
                            },
                            "Account transactions response has data": {
                                "path": "::API Tests::Account transactions response has data",
                                "id": "8aa6d187387b58233ceca924d7a104c5",
                                "passes": 191,
                                "fails": 0,