{
    "metrics": {
        "iteration_duration": {
            "avg": 1241.8296948862267,
            "min": 458.957917,
            "med": 1171.820584,
            "max": 2462.349043,
            "p(90)": 1918.7317682,
            "p(95)": 2089.6184715
        },
        "iterations": {
            "count": 167,
            "rate": 15.605786022793568
        },
        "http_req_connecting": {
            "max": 5.420833,
            "p(90)": 0,
            "p(95)": 0,
            "avg": 0.10709947242206233,
            "min": 0,
            "med": 0
        },
        "http_req_failed": {
            "passes": 8,
            "fails": 826,
            "value": 0.009592326139088728
        },
        "http_req_duration{expected_response:true}": {
            "max": 1295.946293,
            "p(90)": 518.8293545,
            "p(95)": 675.8137402499995,
            "avg": 248.2766249673123,
            "min": 3.67475,
            "med": 201.8225
        },
        "data_received": {
            "count": 837743,
            "rate": 78285.25748558775
        },
        "http_req_duration": {
            "avg": 248.17635763309352,
            "min": 3.67475,
            "med": 201.8225,
            "max": 1295.946293,
            "p(90)": 519.0511795,
            "p(95)": 669.9609902499994
        },
        "data_sent": {
            "count": 262641,
            "rate": 24543.229022829495
        },
        "http_req_waiting": {
            "p(95)": 669.7839861999995,
            "avg": 248.00843584052794,
            "min": 3.625333,
            "med": 201.650375,
            "max": 1295.630209,
            "p(90)": 518.9251421
        },
        "http_req_receiving": {
            "p(95)": 0.21987674999999998,
            "avg": 0.12895732014388486,
            "min": 0.025542,
            "med": 0.12385399999999999,
            "max": 0.564417,
            "p(90)": 0.1898214
        },
        "checks": {
            "passes": 1652,
            "fails": 16,
            "value": 0.9904076738609112
        },
        "vus_max": {
            "value": 20,
            "min": 20,
            "max": 20
        },
        "http_req_tls_handshaking": {
            "med": 0,
            "max": 0,
            "p(90)": 0,
            "p(95)": 0,
            "avg": 0,
            "min": 0
        },
        "http_req_sending": {
            "p(90)": 0.062387500000000005,
            "p(95)": 0.07384944999999998,
            "avg": 0.03896447242206233,
            "min": 0.0085,
            "med": 0.0304995,
            "max": 1.791166
        },
        "group_duration": {
            "avg": 620.8826504431133,
            "min": 177.611583,
            "med": 538.2410625,
            "max": 2140.024543,
            "p(90)": 1133.5112632,
            "p(95)": 1291.3927095499998
        },
        "vus": {
            "max": 20,
            "value": 20,
            "min": 20
        },
        "http_req_blocked": {
            "avg": 0.11448936330935239,
            "min": 0.001375,
            "med": 0.00525,
            "max": 5.880292,
            "p(90)": 0.00775,
            "p(95)": 0.013501749999999995
        },
        "http_reqs": {
            "count": 834,
            "rate": 77.93548229347208
        }
    },
    "root_group": {
        "groups": {
            "Authentication": {
                "id": "e27c07c74d84fc697478e1503d425296",
                "groups": {},
                "checks": {
                        "Login status is 200": {
                            "name": "Login status is 200",
                            "path": "::Authentication::Login status is 200",
                            "id": "060da00957eedf19f856cff8e3352163",
                            "passes": 167,
                            "fails": 0
                        },
                        "Access token is present": {
                            "name": "Access token is present",
                            "path": "::Authentication::Access token is present",
                            "id": "af721c32f4fffff4f400497cb71ace5c",
                            "passes": 167,
                            "fails": 0
                        }
                    },
                "name": "Authentication",
                "path": "::Authentication"
            },
            "API Tests": {
                "checks": {
                    "Account list status is 200": {
                        "path": "::API Tests::Account list status is 200",
                        "id": "d168311723615f9bab217bd6e36cea9f",
                        "passes": 167,
                        "fails": 0,
                        "name": "Account list status is 200"
                    },
                    "Account list response has data": {
                        "fails": 0,
                        "name": "Account list response has data",
                        "path": "::API Tests::Account list response has data",
                        "id": "ea7b49c8249e3a40afcfd43266e640fb",
                        "passes": 167
                    },
                    "Account balance status is 200": {
                        "passes": 167,
                        "fails": 0,
                        "name": "Account balance status is 200",
                        "path": "::API Tests::Account balance status is 200",
                        "id": "1dd1208748947f5f5afbb02498149c9e"
                    },
                    "Account balance response has data": {
                        "path": "::API Tests::Account balance response has data",
                        "id": "bbfd99a28f32184ed8efb6fe060e2d07",
                        "passes": 167,
                        "fails": 0,
                        "name": "Account balance response has data"
                    },
                    "Transfer status is 200": {
                        "passes": 166,
                        "fails": 1,
                        "name": "Transfer status is 200",
                        "path": "::API Tests::Transfer status is 200",
                        "id": "87437067bb89e583a4864da2cd56b095"
                    },
                    "Transfer response has data": {
                        "id": "7c87abfeb08b4b63d5dff9fd3c988942",
                        "passes": 166,
                        "fails": 1,
                        "name": "Transfer response has data",
                        "path": "::API Tests::Transfer response has data"
                    },
                    "Account transactions status is 200": {
                        "passes": 159,
                        "fails": 7,
                        "name": "Account transactions status is 200",
                        "path": "::API Tests::Account transactions status is 200",
                        "id": "bf58732010093e267ef486dab1c716e9"
                    },
                    "Account transactions response has data": {
                        "fails": 7,
                        "name": "Account transactions response has data",
                        "path": "::API Tests::Account transactions response has data",
                        "id": "8aa6d187387b58233ceca924d7a104c5",
                        "passes": 159
                    }
                },
                "name": "API Tests",
                "path": "::API Tests",
                "id": "ea171d7676446f12e8ccb78ffadbe687",
                "groups": {}
            }
        },
        "checks": {},
        "name": "",
        "path": "",
        "id": "d41d8cd98f00b204e9800998ecf8427e"
    }
}