{
    "metrics": {
        "http_req_duration": {
            "p(90)": 522.6776258,
            "p(95)": 625.9984724,
            "avg": 230.3027162044201,
            "min": 4.758042,
            "med": 203.371667,
            "max": 1491.074792
        },
        "vus_max": {
            "value": 20,
            "min": 20,
            "max": 20
        },
        "checks": {
            "passes": 1810,
            "fails": 0,
            "value": 1
        },
        "group_duration": {
            "min": 177.374501,
            "med": 574.924667,
            "max": 1828.871918,
            "p(90)": 956.4752593,
            "p(95)": 1074.21898545,
            "avg": 577.0100477044198
        },
        "vus": {
            "value": 20,
            "min": 20,
            "max": 20
        },
        "http_req_receiving": {
            "avg": 0.13775905082872916,
            "min": 0.030583,
            "med": 0.134125,
            "max": 0.468833,
            "p(90)": 0.197892,
            "p(95)": 0.2241086
        },
        "http_req_duration{expected_response:true}": {
            "min": 4.758042,
            "med": 203.371667,
            "max": 1491.074792,
            "p(90)": 522.6776258,
            "p(95)": 625.9984724,
            "avg": 230.3027162044201
        },
        "http_req_sending": {
            "med": 0.032542,
            "max": 0.551542,
            "p(90)": 0.0645246,
            "p(95)": 0.07476699999999999,
            "avg": 0.038585156906077396,
            "min": 0.008334
        },
        "iteration_duration": {
            "med": 1064.102001,
            "max": 2287.318251,
            "p(90)": 1618.394251,
            "p(95)": 1784.615168,
            "avg": 1154.0911450662973,
            "min": 646.958875
        },
        "http_req_connecting": {
            "p(90)": 0,
            "p(95)": 0,
            "avg": 0.10329240220994475,
            "min": 0,
            "med": 0,
            "max": 5.960791
        },
        "http_reqs": {
            "rate": 83.29225258963373,
            "count": 905
        },
        "http_req_waiting": {
            "max": 1490.886126,
            "p(90)": 522.5296924,
            "p(95)": 625.7487466,
            "avg": 230.12637199668518,
            "min": 4.600834,
            "med": 203.165917
        },
        "http_req_blocked": {
            "avg": 0.11063946629834248,
            "min": 0.0015,
            "med": 0.0055,
            "max": 5.984167,
            "p(90)": 0.008091800000000001,
            "p(95)": 0.01119999999999999
        },
        "data_received": {
            "count": 965969,
            "rate": 88903.57341630488
        },
        "data_sent": {
            "count": 294987,
            "rate": 27149.316811777113
        },
        "http_req_tls_handshaking": {
            "p(90)": 0,
            "p(95)": 0,
            "avg": 0,
            "min": 0,
            "med": 0,
            "max": 0
        },
        "iterations": {
            "count": 181,
            "rate": 16.65845051792675
        },
        "http_req_failed": {
            "passes": 0,
            "fails": 905,
            "value": 0
        }
    },
    "root_group": {
        "groups": {
            "Authentication": {
                "checks": {
                    "Login status is 200": {
                        "id": "060da00957eedf19f856cff8e3352163",
                        "passes": 181,
                        "fails": 0,
                        "name": "Login status is 200",
                        "path": "::Authentication::Login status is 200"
                    },
                    "Access token is present": {
                        "name": "Access token is present",
                        "path": "::Authentication::Access token is present",
                        "id": "af721c32f4fffff4f400497cb71ace5c",
                        "passes": 181,
                        "fails": 0
                    }
                },
                "name": "Authentication",
                "path": "::Authentication",
                "id": "e27c07c74d84fc697478e1503d425296",
                "groups": {}
            },
            "API Tests": {
                "groups": {},
                "checks": {
                        "Account list status is 200": {
                            "name": "Account list status is 200",
                            "path": "::API Tests::Account list status is 200",
                            "id": "d168311723615f9bab217bd6e36cea9f",
                            "passes": 181,
                            "fails": 0
                        },
                        "Account list response has data": {
                            "path": "::API Tests::Account list response has data",
                            "id": "ea7b49c8249e3a40afcfd43266e640fb",
                            "passes": 181,
                            "fails": 0,
                            "name": "Account list response has data"
                        },
                        "Account balance status is 200": {
                            "name": "Account balance status is 200",
                            "path": "::API Tests::Account balance status is 200",
                            "id": "1dd1208748947f5f5afbb02498149c9e",
                            "passes": 181,
                            "fails": 0
                        },
                        "Account balance response has data": {
                            "fails": 0,
                            "name": "Account balance response has data",
                            "path": "::API Tests::Account balance response has data",
                            "id": "bbfd99a28f32184ed8efb6fe060e2d07",
                            "passes": 181
                        },
                        "Transfer status is 200": {
                            "name": "Transfer status is 200",
                            "path": "::API Tests::Transfer status is 200",
                            "id": "87437067bb89e583a4864da2cd56b095",
                            "passes": 181,
                            "fails": 0
                        },
                        "Transfer response has data": {
                            "name": "Transfer response has data",
                            "path": "::API Tests::Transfer response has data",
                            "id": "7c87abfeb08b4b63d5dff9fd3c988942",
                            "passes": 181,
                            "fails": 0
                        },
                        "Account transactions status is 200": {
                            "fails": 0,
                            "name": "Account transactions status is 200",
                            "path": "::API Tests::Account transactions status is 200",
                            "id": "bf58732010093e267ef486dab1c716e9",
                            "passes": 181
                        },
                        "Account transactions response has data": {
                            "name": "Account transactions response has data",
                            "path": "::API Tests::Account transactions response has data",
                            "id": "8aa6d187387b58233ceca924d7a104c5",
                            "passes": 181,
                            "fails": 0
                        }
                    },
                "name": "API Tests",
                "path": "::API Tests",
                "id": "ea171d7676446f12e8ccb78ffadbe687"
            }
        },
        "checks": {},
        "name": "",
        "path": "",
        "id": "d41d8cd98f00b204e9800998ecf8427e"
    }
}